Path in MiSTer,URL,Size in bytes (optional but recommended),MD5 Hash (optional but recommended),Filter Terms (optional)
_Arcade/cores/Arcade-GingaNin_20261006.rbf,https://raw.githubusercontent.com/kuzearcade/Arcade-GingaNin_MiSTer/60df6a7121acd159166a00a9a1c5a169fed4ce55/releases/Arcade-GingaNin_20261006.rbf,3883448,27537d55e939137c1541e9c2c2df73ff,
_Arcade/cores/Arcade-JalecoMS1BCD_20261006.rbf,https://raw.githubusercontent.com/kuzearcade/Arcade-JalecoMS1BCD_MiSTer/2ebeb0ef0956115404aa8287497b003406e685bb/releases/Arcade-JalecoMS1BCD_20261006.rbf,4349496,2fa482feba5ad87221c5f22e3a4c465a,
_Arcade/cores/Arcade-JalecoMS1Z_20261006.rbf,https://raw.githubusercontent.com/kuzearcade/Arcade-JalecoMS1Z_MiSTer/5e70167bed75f3d389c194c7a0a9ff9e3f098d46/releases/Arcade-JalecoMS1Z_20261006.rbf,3421408,9e3d7a76af3c29ce0b92e4dec550e432,
_Arcade/cores/Arcade-NamcoS2_LW_20261006.rbf,https://raw.githubusercontent.com/kuzearcade/Arcade-NamcoSystem2_MiSTer/f0309b0c3f1d6e474569d72d6cc2e8b373d2d610/releases/Arcade-NamcoS2_LW_20261006.rbf,4633268,985ac2bdbf3fa22dd990c8bededc9b4c,
_Arcade/cores/Arcade-NamcoS2_MH_20261006.rbf,https://raw.githubusercontent.com/kuzearcade/Arcade-NamcoSystem2_MiSTer/f0309b0c3f1d6e474569d72d6cc2e8b373d2d610/releases/Arcade-NamcoS2_MH_20261006.rbf,4528908,36ee9d80985f16fd5b52d1f428c8b5f4,
_Arcade/cores/Arcade-NamcoS2_SG_20261006.rbf,https://raw.githubusercontent.com/kuzearcade/Arcade-NamcoSystem2_MiSTer/f0309b0c3f1d6e474569d72d6cc2e8b373d2d610/releases/Arcade-NamcoS2_SG_20261006.rbf,4536908,8b04093441d5d04f0406b71dc344acfd,
_Arcade/cores/Arcade-NamcoS2_STD_20261006.rbf,https://raw.githubusercontent.com/kuzearcade/Arcade-NamcoSystem2_MiSTer/f0309b0c3f1d6e474569d72d6cc2e8b373d2d610/releases/Arcade-NamcoS2_STD_20261006.rbf,4577100,b7b828401ec3672889f8ae6e58185563,
_Arcade/cores/Arcade-NamcoS2_SZ_20261006.rbf,https://raw.githubusercontent.com/kuzearcade/Arcade-NamcoSystem2_MiSTer/f0309b0c3f1d6e474569d72d6cc2e8b373d2d610/releases/Arcade-NamcoS2_SZ_20261006.rbf,4502760,ef527056e94a893067d4d93db262193c,
_Arcade/cores/Arcade-NMK16_Afega_20261006.rbf,https://raw.githubusercontent.com/kuzearcade/Arcade-NMK16_MiSTer/f66776abbc162a280b7c5f738a31273a655ca331/releases/Arcade-NMK16_Afega_20261006.rbf,4045168,5878351272d52eae4cc2556942ce1ce3,
_Arcade/cores/Arcade-NMK16_Gunnail_20261006.rbf,https://raw.githubusercontent.com/kuzearcade/Arcade-NMK16_MiSTer/f66776abbc162a280b7c5f738a31273a655ca331/releases/Arcade-NMK16_Gunnail_20261006.rbf,4372344,fec32a1a2af0f70698f2c605bf323e9e,
_Arcade/cores/Arcade-NMK16_Macross2_20261006.rbf,https://raw.githubusercontent.com/kuzearcade/Arcade-NMK16_MiSTer/f66776abbc162a280b7c5f738a31273a655ca331/releases/Arcade-NMK16_Macross2_20261006.rbf,4103972,e56e937272458ac6d1a4d4eff39f84fe,
_Arcade/cores/Arcade-NMK16_Raphero_20261006.rbf,https://raw.githubusercontent.com/kuzearcade/Arcade-NMK16_MiSTer/f66776abbc162a280b7c5f738a31273a655ca331/releases/Arcade-NMK16_Raphero_20261006.rbf,4215432,95ae4628830fe25412e09e7ba5ac02b1,
_Arcade/cores/Arcade-NMKBP964_20261006.rbf,https://raw.githubusercontent.com/kuzearcade/Arcade-NMKBP964_MiSTer/78a1e12b5447f7450632ddc394b8b5fc0f719fe0/releases/Arcade-NMKBP964_20261006.rbf,4516420,07d39ec4047c9e8a01e4cba87aa13bf5,
_Arcade/cores/Arcade-SandScrp_20261006.rbf,https://raw.githubusercontent.com/kuzearcade/Arcade-SandScrp_MiSTer/82d9cdc8fd9f8c33e41588272e2fb8f4525bb905/releases/Arcade-SandScrp_20261006.rbf,3592316,67bc19f9c81ad0aa19d01e6dcfbcd7bf,
